key= 4;1KcIc2ocOAdYIri
key= 728;eWkjeLin8akgFCq
key= 1648;08q5u0YZEmUOBKI
key= 226;ZCqHpnJ97AGKsnL
key= 1806;nDtsMQfjusDZ4sf
key= 234;mIBiCpcbU2geqFW
key= 1446;9RFUqWzfZ7fAGG6
key= 979;bsfdkhm4omUZXd1
key= 1087;T8m2kLrP4aQyeGd
key= 712;RiHpDFzN1CzTqgs
key= 1737;vLLtur5xpdT9ZQu
key= 1768;CO59jQEaFttLgFv
key= 1531;JDk7EcuzftQ5RGy
key= 1974;h9nrHgVQJzjNm0x
key= 1215;sqKAAt9hCGU2iBc
key= 2429;KubrW5ByXVevOBt
key= 1513;Uy5RBCu3oMKFfga
key= 2070;CUE2dhfxoITri6H
key= 225;3rvtImWqEazcOY9
key= 2058;HEsj22ZOEmITK5Z
key= 417;vKICdMD4FE1FLju
key= 831;T2kZ15cRSmpmOE0
key= 741;LHXZUaHt1AQpzG3
key= 1496;6c12R0XgFl0EA2q
key= 1628;aLHGZamCdZe96pM
key= 982;zQ2i3eeNfGSbG51
key= 2148;nRFVJ2Wo3m6T7d9
key= 845;4F8luuLnqK1CniP
key= 1152;zOYj62VMEYjLxdE
key= 454;0xZXauyGdGoLvD4
key= 1576;HWjLfvaYodrDg3v
key= 1114;QSrGEs20WKoQqLp
key= 2405;KGv04g6vn8rCmOk
key= 616;Xa64rdmRKEiVNBC
key= 1059;smPGeUtoHPFNPZE
key= 1900;oefdO6iuyt9QG9v
key= 1232;9zjKadg0MdoMWEk
key= 1817;jpAYGNl4io2Fqub
key= 21;Qt4yLKpyFQJjg16
key= 77;LJTLXj9m9gOkV1J
key= 1448;57O0qFMyIpcjKKt
key= 1444;ufFJVO1l63jflAs
key= 1826;efV2xp8nxZ31EWk
key= 282;0ar4DnolGm98Ak3
key= 1622;LeWmLnzbvjqfVXb
key= 826;qKouMBpFiudX2Ns
key= 1053;8nKGSbD8e5bdoTc
key= 992;xmuTDWE70jRFsqM
key= 1958;7Jz5yIp9SPGM9ih
key= 1414;dfkZTxCTmoLUhN7
key= 1573;o1m0SiKL89vM0ra
key= 1631;HEIm2qODzmo4P9A
key= 145;PqDNvJb5UUODNzL
key= 1620;WkdKRmn9k6jaNoH
key= 985;CHs5dkWk33sny5X
key= 1760;NCUVsPbtBujFU7J
key= 501;c1mR8kSguEkkLfi
key= 1891;Qp2nkzXyxsOIs2p
key= 2077;Gm3SehboD1JBrJd
key= 1352;lsW06dltLIB3Vbz
key= 1403;l1GXGW2Xp7Dup6G
key= 641;c4zPpzv18acnHvG
key= 331;09Lkp9JdeRKPkWj
key= 2331;fSxW8NJLddefVXN
key= 137;zTLgs2ZGGTHddtM
key= 385;89Kjf4zLxbBH3x4
key= 2311;OPv3utMBM52mRgg
key= 293;7iNVxUSunPzEK0z
key= 429;nUWcF41iAqjUNI0
key= 1793;19njblMvgBtJXIP
key= 377;RlnvYzSoqGZfjW5
key= 1488;dWrEzx7F1FnXtYE
key= 798;BYMT3QtTvfWOgy0
key= 902;XdhHR7Ac1FAqdjt
key= 1041;m7c86X7XnGAdNeZ
key= 942;vEoMxIsFuQnTdBW
key= 2055;V1znrnerIzJz2ZB
key= 147;8r5iC75alE73qa6
key= 1312;2l2g87Np0n3MI4y
key= 128;uTUkf244lxunSFY
key= 2331;nXkEKsDiadt6j6Q
key= 1184;Dd7QWDF34RGog8Y
key= 2241;3EtvKeZC6JT5RQH
key= 2097;NzTRijKNsmvhDFW
key= 289;mLOeJ5jYQuHa8TI
key= 1271;oKgPeki9cbmy0fe
key= 1717;ICaqCobFiG5PGsp
key= 1983;xrd1Vgv7hD8GWNf
key= 759;mI7l0SgvvTLIYHx
key= 879;2qG1BW9hdizlcFf
key= 616;gBW9szKMbSZEvWg
key= 1409;lqCaKUbPBEACc8P
key= 2143;5EBSaRnAM6V8HDg
key= 1326;Zv2Wb88eIiFceVN
key= 2220;qE2SIyAuWzBG6S6
key= 1800;j2CFhTe3Ko5UjQZ
key= 2128;JtIXdlU0KQdHt5s
key= 1797;zM8KnLlBdAFByT3
key= 1310;LMbilD1Q89cz6nt
key= 2008;PhHrQaG1TgepcXa
key= 596;ndZ07Hz4B9yjDnq
key= 2092;6CH1fcg4Q9XK3D4
key= 1034;DGIs57vlLFkkkhn
key= 2361;oj4pp5h1cDDS8jl
key= 1840;eVhp0A9g3bZcqWL
key= 270;E6KHxBz3QyxZRE6
key= 931;0303Rz4s3r5GPMX
key= 230;EtrGnc12HZb4Jjn
key= 463;Qe0duotIqnWLGsd
key= 954;QR12Wshe53G46Qu
key= 985;NkUAeTuKFxMx1S4
key= 66;1ZtsGNNLHl2NrtE
key= 1028;tF7pY8ooqhPPsMq
key= 1418;VhR80azQknSLe5P
key= 1245;sYPp8JDb8JigXMr
key= 1438;EFpZGLMgxrbMRcj
key= 553;gEMzWGIGY7pnL3C
key= 348;qlFSDD13fcbs84B
key= 265;4VAbdBiLS6Qifbj
key= 1800;f5sONK3SZxiUYfc
key= 1604;DiIvtOCBmmgLsiA
key= 1934;F3mUa5freanzKxt
key= 2147;IXF7ZvtQMnjGK18
key= 424;nymklxJWtSNGVfd
key= 246;j1vbeScI6H194Pi
key= 136;Ok8PJXJiFHu9EmO
key= 406;gdNuLDqj4S5iJZv
key= 794;AdKZvlUpMGFCikD
key= 862;rykn9rKeOm8zQKa
key= 1269;p3bsDZZe6vZIvtK
key= 595;sfX0z6XnXi6Nlng
key= 389;4HomFh71Y0Z8RGq
key= 1241;uqLHGEmg1kuha2S
key= 2211;dDB3pl5eGADVqnQ
key= 191;aql9b5g8pqCLvr8
key= 826;mdZP81VtpaJiHLp
key= 2316;Qz9exc58B8U2Oy6
key= 501;6WbupVJiZfhN7oN
key= 4;HnblB80jeLrk91d
key= 380;nkUYG7dKuBeWdaP
key= 2305;AQuAZY1m4A8gmJg
key= 453;BTjvnYEys1PZUC6
key= 243;LQ1JVQMzBvnLovN
key= 2385;dhlrCOUlEncsJDo
key= 644;qNrqFjsxlUfglLA
key= 910;xrlizvN0FujNkjs
key= 445;rO730uJFfOqWdxL
key= 1106;q6gYpbInZB6B1YJ
key= 1906;8urVIMKkAlb1noF
key= 2398;vBBACQIamYv2ssI
key= 2404;5DCzWjAimxGmrvj
key= 1772;WJl9idFo70bTHmD
key= 1963;QXhfY6fMIdd8WW7
key= 2389;uqeGQpiEkmR8gYX
key= 1471;YfOs4GkUx0ccxad
key= 1560;L8nzypmARR3oCjH
key= 907;Q8D4puVXtZUpZbd
key= 1774;fart92s9e0LqQZI
key= 1073;jkS6RvKT2uRKQrS
key= 1913;QHzdhB8HOn8hC6z
key= 1613;BOZYnusz05uJLiJ
key= 212;PQd30S73YfY7Vxh
key= 434;qu2yvxYViM2xAUP
key= 185;dPhsCsGhBxNQkiz
key= 189;4JQ77JXIgbmLZcl
key= 2206;gMlgvJSNA0CXJS1
key= 2342;zpgXP3vyZJMW7Dh
key= 567;Bvrl0yd3Gyr3ZUE
key= 785;3RaMAovsV7Ys6sY
key= 1709;WLLr3Ch2Dti06ct
key= 959;m4LGfx0hhxolaJk
key= 630;LbKcDBzkMY2gvAK
key= 2392;vXCoyKbfAxUd3Vm
key= 1637;OGTRXWI1pOrqSAJ
key= 38;zH6Por3uqoiGFlS
key= 1112;CyiqzeWTUgrMKMG
key= 2072;ytUmeMn60zpQbbV
key= 1307;SWOWe9WjjHCruD2
key= 2229;jFs1spzHOizWJAH
key= 862;XRmGpkfYIBa95yg
key= 382;Zc3eojkbHVsfTzF
key= 474;Ld7pQFKBioqad03
key= 934;0pjAX1ObxoYFPWX
key= 1005;WOY3YzPkXmm9a1B
key= 1310;KCF2X3bZIIV5xJt
key= 473;MEeaFqlRxetdBkb
key= 1924;xzWhFamuMLNViOy
key= 823;pSE3qeXT34soXNy
key= 907;Q9nDDnXKylxr1KO
key= 1232;2PP953RuDQGffV8
key= 2428;rN5pxXZGNHQA5nm
key= 1054;9FUzdpJ9UcmuAYy
key= 1211;TgUKOAzSkaDkRNh
key= 2113;oOzW5oK75v1dfWa
key= 491;OosEpFlmcOfi5YG
key= 1833;BSaBzN3HpIuhUmx
key= 581;ps4OmmT3ZE9h9et
key= 1994;MpheTKMQr4lGhe5
key= 353;LD2LPpnnz8FPajP
key= 1564;scXTKDdQ5ONe5Bj
key= 1227;tABjzL4BmSEKPki
key= 1229;3uMK4zuuj02qsYt
key= 541;DHDR7myJkLhFqjF
key= 230;BuxYcDHSd7qauDP
key= 2086;rseF4bL8C7lPD8v
key= 2328;ftWpO7xRgDjopyB
key= 437;QIMp0XyYIIbg225
key= 861;entn5qkvOpgKO6E
key= 990;uUK4NtX7XFv0dpN
key= 868;2nJ7fbC0uqgcyhs
key= 1773;8gnP6X4pSmuy6rl
key= 2319;ZY2nPsczRcu1p0W
key= 848;zgcxYiXGem0pU82
key= 1653;zi7ArAW5FtUstMl
key= 1657;WbNYEqQIZgvf4R4
key= 2006;BR3mrkDDJ7fR3LM
key= 2078;atY3E1CHd4c7u6k
key= 2164;tQsT4n2SWhoUFug
key= 879;NAHeMFkJmSVqNYc
key= 1230;N555FcEKJhXug1K
key= 1975;b4DOXkP9NAXKDzj
key= 1587;6nZkr3JLvNDK7Qx
key= 939;CMdCr5c1JBcZ02r
key= 2327;S5JYpJrViW4sUFn
key= 748;7lP6YZDf0JN1F7X
key= 356;fCzOJ1bJGBQdB1J
key= 215;Ole7ESQP4N8WTTb
key= 1537;0jSu6vzBE03OD8R
key= 1367;iDRun1V8q6HORjz
key= 1686;EXZkNUSFrbdcQr0
key= 1505;vKWV6LlQBaYhj1k
key= 1794;ZhELnTTz3BR7GOQ
key= 5;6PWl3BuecXh1UxD
key= 2337;bhe7gLhx1SP66vx
key= 947;lUUfoa5cPicL0kV
key= 1237;qBE0kyiqMW8VQrp
key= 886;8POAAHmETahQP1d
key= 1493;n3GUctDvuOjtHKP
key= 338;oZQ0jaM2ST2n9Nh
key= 2361;T8p4hSbWWOzZk5i
key= 1266;QvGv396RFb4IxQN
key= 599;U4N9fcNqNq9CcMb
key= 1633;oFURBQvtFiHIUNy
key= 2238;KXSSMJ00XrIR4mx
key= 2374;Mf7FTpZTnX8cLV7
key= 747;jCLcrF4lcAtkZ8x
key= 2399;SGxkCUd2kTyj4oq
key= 671;2mCWtG7bTQ7WbK2
key= 2007;EMAG1iNchN9N3fl
key= 15;0yJMaYh5QrrPiFf
key= 1397;K4V3dAp0fCe8FV2
key= 1627;TfW6NDYkgZ3MiAm
key= 49;TT3DDuAR3mCy1kF
key= 1092;ZDp3DcbjTRzeZLQ
key= 1217;Z8n4CsIaHZCP8bz
key= 649;7Iem9BVvextXOIa
key= 2244;M7TT2HnETy3oEWB
key= 46;6kEyRDEcpK7L0gX
key= 1694;ndAXxWsQpRjYith
key= 69;kre4FDJxaZPrEZE
key= 539;pitUb5mqXq93yF2
key= 641;4dK50QRalPr8Kdb
key= 1889;F3cG1oYU7tEYZeJ
key= 2410;IQ4XvAHcHcXlBFC
key= 1581;TVS3W2AO830nVH3
key= 1314;A0xIcf9tbR703si
key= 1667;lY8mUD0dcXeGhe2
key= 511;SiOjnAjOiWLgVK4
key= 1875;RhTSk1PeKVJqbyZ
key= 1294;L9oOLfjbCnO4nK4
key= 1917;ogC2lCBsxhy0fSf
key= 1580;I3jlzgbgc7lS8DY
key= 1923;HnRWsJPJ5vVRdYQ
key= 904;rBgsgaeTY8bdIS4
key= 1430;Oc6unUotmcEKpIz
key= 2030;NBKKoTyb6pkHc7S
key= 2225;mumgkXb8lIdWxbz
key= 981;CgSPFCGlnZipvGT
key= 1712;5tKD175KpHjW9tz
key= 1997;m6HYkAOyCltibPA
key= 715;2G7aZn6UJRdXDHg
key= 1677;WosalBulZLs5frx
key= 81;Pyhciya0kyJkc3u
key= 1386;KOj7VE93L9YWgXr
key= 54;XGNHhOke9XYGqg3
key= 591;uLtnP3216XsEz79
key= 2140;pTviJb7vpeE4gP7
key= 1717;qrdYKsMR2g9QgJR
key= 1258;QPVA76FUj6lFkWX
key= 733;McMcFHFWpNi20rC
key= 528;dMzvd3uWDxioOvo
key= 1855;zcfNqFg0VacnPe1
key= 471;kxVPbQVQMbAV400
key= 345;PheHRoUlahb5g7Z
key= 1978;yuMBMb6ecnnfMGd
key= 2357;3s5zG1aXrT6iPD8
key= 1650;FtCeNhoX9sV2eqi
key= 703;ZZm8Njria8L9CrR
key= 867;sH1C2dAoPG9mMp6
key= 2116;2TKQRJpuyYVNSBv
key= 223;laWqfL2C2Sxaq0X
key= 1392;TlCYT63jqHm4sIo
key= 920;0vyV8Sc4Z4GPCtM
key= 766;SMxNEYXXZ7M5MpX
key= 1006;GTkdGjriDvudHKj
key= 2368;dxuQ1ShSYxmGoJy
key= 1886;l6JuRhCxbMt5Bkk
key= 120;4O60ae66u3zsP7c
key= 1062;ZZAOBZAS8Tuhth9
key= 1447;rvX5G4641HlgexF
key= 1942;KaePg4vOUkEkCfX
key= 2239;RDyCfjr6DertD11
key= 663;FATEVlq9fzv7cbc
key= 508;hUM24ENg33Nts6C
key= 1988;5i0S46IQvYiGu2S
key= 1660;Y64ls8HzU4RS9BU
key= 2337;qclUxLaT07lNtlN
key= 540;BcNeGOlUfSddK7N
key= 54;5W9ePsBZ9sEA85B
key= 1475;GOO4DMVgvh6yBN5
key= 1181;SGKQN3XY0JUFVaY
key= 2204;Lv4l0F8Cd5H2x0t
key= 1387;Z5R8S5OkeI5EcpO
key= 320;UjsnZI7OxZrtz4A
key= 2200;AlNkNIpG3cUegha
key= 1778;BlsYjbP85xUsdYb
key= 2421;TX1x5s4bAEnu7OE
key= 22;DO6v59Pq4rxMx5j
key= 269;eKdmsdKkDRvVBob
key= 1728;W04Rj4HPZgKWIuH
key= 2068;Qrfy30qGgc49qoF
key= 1351;g9f3oSFUjpIC6xI
key= 1024;ZAgbufPfdRql3lO
key= 1914;d1GBBKextpJBxMu
key= 2001;9RhuseCkTIy3kJW
key= 2084;HXmkMFm5Dgdhhoq
key= 969;8Aqt8jeOdSdti1B
key= 2072;aFCMomQo52T7Kr8
key= 2239;H5bJyJTbxsUrnCL
key= 1455;9UxRmNF99jhJLJZ
key= 660;jDDaPKqRRx60GuK
key= 956;UR4GegKoqr1bARG
key= 873;LQgPH7MJ5ES9sGo
key= 868;HWRPlaakbpEi831
key= 311;stuflyGXrgk30M5
key= 2105;IJKxY2yBz73Ry6b
key= 1924;CFOeCChq7tSSDcF
key= 2148;JLZ5j4c7tIosbXT
key= 1433;CCJsAjgoHkUHYDh
key= 1680;xTQk14leJiHxQiE
key= 322;pctJejnPv2yXaq7
key= 2257;9PfPLFdXti0Yih7
key= 1025;jSXhS4Zro7O0UNk
key= 484;gPKB1DhIeyOTTEX
key= 1523;IsTU68mWcYlMTeV
key= 1534;ezGONMUla3RgSSj
key= 2227;U6xq7TaX9dZLECR
key= 260;L4WktcsqAo0xQqS
key= 958;ERUxcuj0Aqnx9xU
key= 263;6uxxuip6FWGVsab
key= 788;RbvTT9SHznlmYse
key= 2120;aDWRB3mr8k7FAIJ
key= 1400;nAG4xK4XHNDvTtk
key= 124;eSm4W9sRVpkoTNj
key= 1962;bepaoGhdIjcu6G0
key= 921;oHsirA8KHQU95N0
key= 139;BLHAWsdfiovvdZL
key= 1353;Rd4rgarT9zQ96ME
key= 2215;umH34J6CFGjyauI
key= 1662;KdHcfMDErVLHuM6
key= 2195;GdJYOioyDPi78sh
key= 1981;U3vOSGoGUDfJO8L
key= 737;FCTbXiDu3nh7S7z
key= 2248;UpgCFIBkC1Jo6Bj
key= 333;ZLPJJubXVL16xjE
key= 732;KxorEmEln850ZlT
key= 2412;BMHCVAEkoHZHpiu
key= 693;bU6Faci0QZbTARi
key= 1294;7qdRHxVjl0osjag
key= 1256;H6ZR6WthK5yFEXe
key= 252;HrP5nbga4987JVo
key= 1577;bzRy9CoF3aYCgiA
key= 1128;iJGiDCxvygaMBZ0
key= 1753;6Z6yeYhCEFSB4Fg
key= 1952;5VMsxSBea1Vy22n
key= 958;gogq1gcli5YNa7R
key= 31;xl5DCd3BH0vYDOd
key= 1924;OpRobkAkGI3ZLBF
key= 2257;01QPd3gTbZ8otzv
key= 232;jW6b8OqqNZKBRXy
key= 178;h3jh6UetmG3qU9O
key= 195;3dpquofZaPfnBEE
key= 1059;JlZPgZr9fU1esgB
key= 181;nB4rrhNQSq2hD8L
key= 1300;D1F58bMPBij8kmv
key= 169;5pSUfAPgQv2rhWj
key= 522;4AzSzmgkrT9fg0c
key= 422;LzmzKN8uqgLXkee
key= 1262;ckjSc0KoT1vT1nV
key= 1700;Yi7kfJerdHeugWk
key= 1405;3XQABUC8niMbiJg
key= 801;5qXopmIUPGlzc3l
key= 1607;fcRatgHBe54Ao2P
key= 1595;cYyWgRsIJsBzj3n
key= 931;y9QCVpbxlYXiFNC
key= 418;ky6zKo2oLM1sNrL
key= 891;ri78gXXxkucSDzf
key= 1426;CEMCmiMNH9yvObF
key= 322;4ctzHq9FidTk9TF
key= 83;UC3jR5JZmsLW5TS
key= 1882;VC7sFNpteVr5ENR
key= 522;B1UJTuPDmZENUJf
key= 67;rV5tOfREpZkBQJX
key= 732;QxZo4AtMUj0sdYi
key= 545;vll8ubT2akL0OkP
key= 1367;dHD09BFfHsSL7Sn
key= 2415;k5gbq4UxSbY7Fl9
key= 1807;ZVKeFZkhAebRKqv
key= 1291;HJuacjFDPiodef1
key= 1793;bQjot2fFYQB0OAM
key= 489;j1sTenlJPrBFZyc
key= 867;663uPTT9cmhBSSr
key= 2338;lMHzXyaCjvnvFHX
key= 365;f7vvQbWB2eIKXiD
key= 2322;ZX0yjpIL1xi2IV9
key= 338;fGfppsj8uljADZ2
key= 1654;F8KmDDIJNtWdkfs
key= 2238;YG3UBWLbGthgjDQ
key= 846;mbpWfp2nMdLkakT
key= 958;9eyn5B8DAJuuZq4
key= 2007;yZ46tiggt8HkVDT
key= 1361;ozJuDg6NllnUQTn
key= 867;Vq9n9hjXauFKWnN
key= 2409;HpfbUN9IyQtVPuE
key= 1678;sI5K2bVTG3mkRlL
key= 78;5UmtZ0Z46jAOPsx
key= 1866;OoXk3N3Tr1voM7u
key= 1762;kEpKL0Ri5pPVucs
key= 1300;4df09GqWP0ib9UI
key= 1937;5JDfu0mSI51WBYh
key= 2392;U2v7vVijnBLVFUL
key= 200;jYiv9uY7f3pbmXt
key= 2366;ZqoQrzBBGtSQabA
key= 878;LXc3VLDWrWE7KsJ
key= 1585;nmr7agGTq1sC9nC
key= 1295;TvzN7RGPyhkMJJn
key= 1894;nmplNrrlMxzIVly
key= 1084;IDp8OXapEbmmNEC
key= 1394;AfMXrfL77DTq4NG
key= 1332;CrxCglp8B17ra80
key= 60;IGz0QIexXgUiRFT
key= 1324;qn6yqUmBAMUtZxd
key= 2343;5L436TsCigAtTxx
key= 1314;efqCSnOgsn8TWM9
key= 998;76Q8MtNKH3AyCh8
key= 1415;6ommcUi83vN6Ppt
key= 1096;MdpW0B0eklxCn3X
key= 704;BDekGrNbauWm01b
key= 2117;sPrz3RcaAuzVZ5z
key= 2200;Q9EzLOZYlpb7kEp
key= 311;Cm8T2vlLz2LRZVk
key= 1153;TQt53Ho553NmuX4
key= 744;Hp5nomJTJldh94f
key= 962;9AzAk5b4rVShBPJ
key= 2108;7cW7bBeapGsl9S2
key= 1158;79ZkzF8bJZAnLE3
key= 1718;T4QkSlan9dQ1E2n
key= 1115;ZOvJXMmBTJx91Rh
key= 2317;JBGINncRc5MlPvm
key= 1938;UerHLAyWN3R9KaQ
key= 1190;u0gp7stobEPfRzV
key= 1401;DbP1BQeEddvoX26
key= 1782;eAIAOr4H9RiLL2o
key= 945;vbsR8Ndt6VLcWIi
key= 198;qA385aKqJuGYcdW
key= 2022;X6bfLhdvQqHJMDc
key= 2137;S1na1Up6sjg3SqO
key= 976;9QQ5SG5KhrfR11v
key= 36;Hy3pL2K23FVUCn0
key= 2418;jKfYXLqxmjhEhhu
key= 1602;3UAPk9jPG7tjiOE
key= 636;5vfVvGB0I7BDdTN
key= 30;N2eTcnA0Yi33c00
key= 1075;tyI5Px7cFGjbPMF
key= 2131;MXxkiUh2Jyn697L
key= 849;OSGnXRk7EYHcu9o
key= 2153;Dq3MukGLAs3iLXG
key= 1083;l9PJ51tWz2t61yu
key= 2142;Fr9FeQr66BpJY2T
key= 442;Wuaih0cfJ963yeg
key= 707;pTxDf2rmeMvfs4S
key= 1245;or4za1WMv387Hff
key= 1701;v1FmF5EgxpeTdON
key= 2166;4gFDc6l1E0PntoW
key= 899;dBYNVItH7Spt6Ve
key= 529;l6QhRP76nhkYYUC
key= 1687;8apH0fE0rzZaGbO
key= 1889;2W1gEg8MNXeC01D
key= 1793;9gFFQq7Bb5UKLtq
key= 712;kP8Wl7IJfP7t2ud
key= 1609;AyTjF6Tp5mjh8fa
key= 1778;JpaD8gMritsyD1e
key= 429;cGhSN8i8A8akNnH
key= 797;hl7nVtvEsj14CrD
key= 708;XS56APbeQpSpBIo
key= 561;QXFi9Bxn3fjvlro
key= 547;5DnhdjmziciHn8v
key= 270;D4iZEBSPFlXujou
key= 1020;S2nM5S9IZlzTyjc
key= 1804;7SNlbyRkol0R2f1
key= 1372;Vt61aPFj7OuVdIv
key= 2245;NakMv1QtyoCjMEg
key= 189;8rPlLcXe3Ng969c
key= 20;qIQ7l3P7Dd4Rfpt
key= 935;FDf0hR2c1ocKfqS
key= 1281;XiXZrG30Z1qHCJ3
key= 880;DXk4WUzcBTKmXEa
key= 1222;QMnsCxn4treVohd
key= 1597;Tlqz3O3D67Kf5Cm
key= 1304;7xMR1rqaOh71BAS
key= 1023;fWlL5NUUfLOcPtu
key= 2162;93iFBJGGTPeujHe
key= 2003;4DgpEeeZHYG0yrV
key= 1082;jQVUugRjfmNhHGV
key= 1420;DQbmbyCfOn8gNyU
key= 1549;3KAPj3YhDORUof7
key= 2221;zh8lGodvim5joXy
key= 1322;zeyM2u256Y8TdqS
key= 1420;x5Jm0S4DbZfW2PR
key= 1757;CNYY0Lr3erKcDgk
key= 1161;KXDG2i2VuN3ER9Z
key= 945;l03PA2IgWTP7P6u
key= 1554;ilnOqIeXRSWRRR9
key= 2326;enLOnngMTIAW5Ga
key= 1516;TH3J4de4WWVEFRI
key= 209;JNYWF49FFQPp8at
key= 1923;lHTjyydY2vHOOGQ
key= 1950;L7iau3Rk3PQxa7f
key= 0;sOzHXu8iSz1sqpN
key= 1666;7yKz2XehbHBunjs
key= 1767;AHCuzt2xjFR2ig6
key= 1680;HCiRCjzOahrcbOK
key= 394;BZtZFbrgXdGD1cX
key= 1039;AAztnpCzGhmUKgm
key= 24;lHKPHfqFhdAz810
key= 2092;1h1M4rpXiFx7ItX
key= 849;ppIdkaydlQBS6Bo
key= 1162;Z0ehb5WRolNHaDU
key= 915;yxj23uJQDAua1HE
key= 1985;uK1VjsH17dUJhme
key= 183;qIzsXuWfOdCDVdl
key= 193;05ZTYKBNH6QbEUI
key= 2096;4Ytt6FcOBe2aq0b
key= 493;zC0cYjB9H0y1KQs
key= 2406;9J5p8Rchxl85GrK
key= 235;QaMzeTmL1oa6F1j
key= 1379;jA0YlYNQTIYAlln
key= 1234;ez38Ro6TiPMoo5L
key= 2372;ACt1tr42rZ9pq5t
key= 373;LUWaU0OJMun4T6L
key= 1149;Zggb4gBlX4LWWh6
key= 1529;VoP9ggUYtEiLrbe
key= 1192;a37ZTeTjTYsNd9y
key= 1194;7g20BvyrNfFlWJl
key= 2347;ufL9AYZ6qNxUnFC
key= 213;Uerh9NKfiNYboHN
key= 1105;57GMHR2NlVDslBF
key= 1757;GIA5tMLQPq1PYtD
key= 470;dIZlIcQ9JUZBTUk
key= 908;Vsej74ncnQPPhGn
key= 2272;Q2ig7L9SFuFihTp
key= 17;rklvvmMpRz7x0fY
key= 1927;tTJ5Fh5aAL9Bdum
key= 1057;2GrWZEPsbdOmrlU
key= 1126;4Z4BoqYjUyjhVcR
key= 1450;DMejEH9DrAvksVg
key= 1261;gEYUPAhrRBYqstC
key= 365;n6XnK5Yu0gA03mA
key= 1283;N6Yv1aWOs8642u2
key= 390;rpOTrtZ9okFHxxT
key= 773;9WBJdIShL7xc4PA
key= 657;xyT2vWPdZIeafUi
key= 2359;0YfbTTsolurCBnp
key= 1124;FprC6NLGAh7Fv6t
key= 915;GdUjTNynM5bxXcE
key= 2003;20XxK33W97vKZLJ
key= 1148;SlzZrx0k9hW35F8
key= 368;q408N662Ok88odD
key= 580;PLs5cTIADZMvQeX
key= 1199;3bDrJZiWeA9hA4P
key= 2262;iZla6oYj4Lsm0E9
key= 748;drkh8Fxig03isEI
key= 1217;mtaxbvnTJq0VLs5
key= 1943;R9BLlzV9gl0g2mV
key= 2429;ghEtuhJ8HTWd12n
key= 669;WzjRsCgassa5sLQ
key= 1915;HQtYY5ET49ZgWHO
key= 1789;WeFRCtezTNK7TFC
key= 1208;Zavj71kD0cDxCPz
key= 1563;nMgMroDYIufiFCT
key= 463;1ZqV17v9nHFRTFv
key= 2043;BV5ILU4NsYipkzx
key= 905;I3YCrBoSTLvsiet
key= 1643;3HJvONM8AkSVHve
key= 2038;KY4rh4kOYo4e4vm
key= 328;HrcUhx5MZOLMEry
key= 766;kpFWZvaUEiNncKR
key= 557;DrYLSuDnkqqOTft
key= 1833;XBohr8tm0bOYhg0
key= 2056;2T3WQbxILCLiKmR
key= 1186;CWBVX1rszlenXjg
key= 810;m3BrSV9d319R9CE
key= 1965;bhPRlvYEpYQZAx0
key= 1944;YaiqahFkTtDRCji
key= 1637;yIK9MKn4rgWSjZt
key= 1633;tYHrAAfbsmKa5xy
key= 1740;7lEnZyiBJ1UL3To
key= 1995;AQBDqrBr8FX4GVc
key= 1902;nsmBzb6Ci1aQcrf
key= 627;QfcUCgFgCQ12QlW
key= 2116;NuhF1r1gFUlomEv
key= 1111;iupkesIN5Yk2mCv
key= 122;0eCbfalGZ5USotb
key= 1608;SE8NmdcnQ8vdmEE
key= 2134;h2b9qjo2qUbutzL
key= 831;9ptxeLIC1atKRNf
key= 1199;Kabg5Uoi8J0jMW8
key= 1333;MnrD51aApHF2irI
key= 1375;JAfjPhJ9NBzTuHj
key= 1205;YYchUfEUO98HW1q
key= 1347;DOtgvRd5ckeCblr
key= 2090;z10FYn03bcIvmCG
key= 2041;tJoXnodGtv2Yj0O
key= 693;dWN7i9tnZHRBBtK
key= 1864;nYKskbqUsGzlTum
key= 1033;0NtxeHfrm8WEgmg
key= 2166;DC6S56d7bTaTfSl
key= 1895;2qhmHhKzPNI1ZkY
key= 107;hymSC8Vrdy6TEXq
key= 1358;obKGLpU4rtmTGMS
key= 1186;siWIq2hpg27mUAv
key= 2399;GAiH8PSmSc9ICGb
key= 868;qLLreYtB7voHXFm
key= 733;FP3A7lPY2lDbbyR
key= 1644;3ZCdKGcl7z21OpT
key= 2410;6hYmjF1KsHkG5Og
key= 2402;ty0SWxVX1FUjndq
key= 576;ueCHUjpIsGUdts3
key= 97;tPg0YgTd9IeTVHO
key= 248;14RO8l48FJ6BH5Y
key= 1768;EvPrrntTHPkSlMj
key= 1824;ggv4IzQu7GBEYfE
key= 1097;QE3XqD4XWSDZ9dz
key= 1328;zk1mmjjmxKWvdiV
key= 1350;yW9iVfZKCEM0sDo
key= 2245;QN3m4TOod68p3Aj
key= 51;HiLa3ExtBicJM9i
key= 70;Ab001rNCF2v3LVd
key= 186;4avPSRrBbhip7PH
key= 119;bsjGdEHSblGOvpG
key= 2342;zkxrSNg82CjdWyt
key= 2417;d6SLYYruyapjc6z
key= 845;bLtEbnkxBEatZze
key= 505;sahvc2GaJDraBzU
key= 1402;hcd5QZE7bYYLjev
key= 2025;e5y6iFQR4QWKUxZ
key= 410;W0btAQqBHrVHj2t
key= 2353;ms18aGme1y3CSGF
key= 352;kb0vJzaqdTtEY21
key= 291;Q1hM4CvrLzomQ0x
key= 119;8u1QoRWEtPtEOIP
key= 700;vUnK1cBoA8mSs4g
key= 1471;HBMixlrM91JgXnO
key= 1819;F7uhP6b1PkhOqyX
key= 418;EfLmrlL4Skmrc2j
key= 391;2Nik9oIR9WgN6lC
key= 218;KGgGqGIWdvTj2LP
key= 1285;GXNl4nC5KJxg7zI
key= 1992;b9iuyjSgE8T3vN0
key= 1679;I0jTgLcJmFExQn5
key= 1824;N0etLE3eokQRtF9
key= 967;1CaIi2TA8CX3nry
key= 1967;mcqk6QMa3bOhHcM
key= 1016;0jshjQ5GAvbzVgz
key= 2370;xaZdJXBoFMtu0NT
key= 1453;1jQNb5qKlbyxs8X
key= 1299;UbxLPU7PlslNc4Z
key= 2124;8fFktRrME7nZxfZ
key= 856;XhcxXELWdyTWlps
key= 2393;GOII8SKQuW36GP8
key= 1748;y6Vo7nhmzKcAM9e
key= 1614;kJp8QAlhW1LtayQ
key= 1502;cupaPYJpARYKlN5
key= 1094;N8lzCKO6GNeA3gn
key= 1531;EK995sX0RWeVITR
key= 2030;a5bGvYNvbcRseVk
key= 331;6YON8cpjgf4P3U1
key= 1057;hYLiN2lNUslyWnO
key= 22;iqX6FHmHtutUGFv
key= 1488;KkecXB0ikz0ciME
key= 2077;3ay8lgsedhsVJyg
key= 2120;dh0ar0ZK14JnRzG
key= 1853;3Z3c9E5QDqZ3JAe
key= 2308;dha4vkryB2hkxg7
key= 1583;p8P0X2B4bXDURLh
key= 1961;zm0XVCWlnK4mMuP
key= 2161;zyUNRPtUSh5E2x7
key= 1605;ahDPznXZO6VGvkW
key= 634;ScJuK4v3W9h577R
key= 499;hGFYLh6479FSx4d
key= 548;JB9BkOULfhUFyt8
key= 2107;u8nJcO8YAppJAnU
key= 1236;axkbhggLsksT3k3
key= 2026;fxANENqKbQ3JU4O
key= 1011;kHMJKkE5hmLqo8r
key= 60;1sTmWJ9V5Y9KsjT
key= 349;sK0sCjHxk3GVMGv
key= 479;uPvrFSn659BHBVq
key= 1943;WlPagXRxraL1kLM
key= 529;M08nVPS8tXRf0hm
key= 1281;SxnFkGHxXZAOzMW
key= 1275;l9MxRAdOA1q6xI9
key= 614;CPeEqtyl2RKLPDD
key= 2033;gvrDAe0o6Amnd5n
key= 434;YZL75HY0GMRXIzq
key= 815;fy66OAO7WH46qxV
key= 1254;FPQfKWvvolaaxkE
key= 237;fxE5pNNGQosTJaZ
key= 728;RlhujnNoh3ifpWk
key= 417;ukyRtaIZxO2sKTo
key= 743;IOTUXGvBBaVMi1S
key= 1795;gZJM3JyShP6boMj
key= 855;eVk6nGlTQnWVVnf
key= 2260;Kg9dVosfzUIZbJg
key= 1396;8myK9zRPaMB3EYg
key= 2133;DDGdAMVG1P82vHH
key= 1007;Gqlo6fQLb9CeBFD
key= 1518;acE9X0ZAVXlK16i
key= 2153;TXxpOXUkVKH1nLb
key= 683;9f4ffIyzX9guiiG
key= 1977;3ZMS8YEIIglPapB
key= 1528;auLZmrDvqOaiiNj
key= 457;RUhgAz5Z1OtHgKs
key= 48;jhjQDhsQjt2dC4H
key= 2269;dRqXgrs1mrvn437
key= 1062;W7kRmzJFxijSUv3
key= 1098;RSI6kJoqTgbK4n9
key= 1662;6Weku05UX3uszeH
key= 1888;PHWHZ18i40ZzbeR
key= 2036;GlLSA7uLyfAvy2z
key= 1510;xiRb4vMxVE6jmWO
key= 2212;3GiFb0fOTQSHQZO
key= 1543;iktizNrkp2HDdF7
key= 303;3Q9q667s5IOfvFT
key= 102;saSyjHPQThG79k3
key= 115;y15qzRrGpCb4N5v
key= 494;VQpuF1COxtglOzA
key= 1770;r6R3b70EnxYKHfW
key= 2066;EcQgg1ckrtSzalV
key= 2138;y68ct8QhFDUhGLS
key= 1143;caM0QNp07JOtTST
key= 2211;8tcbV3Z7PLalxPQ
key= 2400;jy9WoF7XeFUmegf
key= 6;Ev5afe15H23H1P6
key= 1242;6J5Av2suDoygUGK
key= 2194;Qg8qNZ4GQAVC1I1
key= 307;AQookN9IV8kg7DC
key= 477;4UZfIX4vT5G1vVf
key= 1768;g9UJFNH1N25kCMF
key= 152;G9PmKYZk8vhHLGA
key= 207;u6jynWc3fvGyh66
key= 488;cOr1ilXxfQ7KV7t
key= 1754;uyxLdTGPD5RqB1D
key= 2049;5zWD89kInjgeK1x
key= 964;eV8piCMRxPYqEP1
key= 2169;H6dbX8E8WWNl7ul
key= 2110;B8tzof1FHZ6Q7jR
key= 2101;ByxXzZmb5HaFnPs
key= 256;G0EzhkMYMpdIoRv
key= 1420;YVVFRdsEoFPxngy
key= 2116;R27979NPjnLQZB7
key= 782;CZfJQCiCTmuHxgz
key= 529;LJBgV7SKMPJoNHa
key= 151;0FQ1oc3CLA6eIrF
key= 1826;J5ZHqfxhTXU0LC2
key= 1303;2SOmq4c55kSCuxj
key= 1633;T5qBXTA0K8VCd0L
key= 1868;101Iq63jf2AABUJ
key= 130;CNTYm8xaSUSSiuL
key= 1732;Ey2RSObZ0uCSUb4
key= 1060;88PQGZ0GlMNjb0X
key= 1879;lAovOLiOQpe9ua1
key= 1626;jHAjHToGyIWqKFx
key= 1945;qQ60cZFMSkknDYy
key= 626;6xOxq0sEZ9r95QD
key= 2288;ykApm0nOXLVAUYD
key= 2277;vXo4WUndO4hV7DB
key= 618;oDfMUr7YZd0Dtel
key= 863;523eKRjftEOrpa2
key= 1703;M34coaFcMEfVoUG
key= 1043;ABz4PUgB6eed8Oq
key= 1006;2VX4DpWFKFmlisy
key= 2303;m8UroDnDoxv7T4D
key= 1392;z8nfdF1vld371pf
key= 1968;Rm5R7HgVjzTLol3
key= 677;zSrdC4pRbC5JQ0J
key= 57;WnllJeCoii4T8Vi
key= 2233;rzMmxCSXGFRRgty
key= 178;YiJDDPWiso8dfFL
key= 897;Wy5t0zM9th19OAH
key= 1407;OEdDvq6u9gJ9aET
key= 1035;VidOuzKsyovLlTl
key= 1459;YV5Y19oEy9CkbL4
key= 530;zeXsRI0HMkzLN7z
key= 410;DSOUP9BCzLWJuJ5
key= 1287;hASAXdoOYSvE3TZ
key= 1574;e06Xsuag70hzyzA
key= 956;UphvitLxyNTaHg5
key= 1027;h3h7hqfzyW9Q4Gg
key= 1358;SOebB3U901jVF9b
key= 53;6gaSgqHQW7Cr5Eb
key= 1637;LkDpA8pgr6r9nHk
key= 888;r9BBA8RE8dzLnf3
key= 940;EiC1r7vzBTn8tqF
key= 2339;SQzrUGKzh6vUppM
key= 204;GXNxJQVAvs8jLo3
key= 153;29CcYa0ZJfGr3Mo
key= 1406;haVM1A4T8dtY3UG
key= 1668;TFy4TRtCdDioxAE
key= 357;Lx2nfeFe3nqazUo
key= 1633;xL5L56hfNnWa07v
key= 599;LxnIfUute3NDntb
key= 1184;KxgYSeA6RIlHANz
key= 1603;Ho6bQOaeJfppyZ7
key= 1479;IiFKvLFniTkAq7Q
key= 1063;JuTods6XADfagzC
key= 1034;kQAW1WbfUQHjEvq
key= 1776;mbMZHF80p240QlK
key= 2082;dbDvZ1VNkUD0rFu
key= 1322;aAqum0aXtUTuv6b
key= 2021;8ofGLZhi6ZNktBM
key= 1207;dp1B0ayDFMSAApF
key= 753;ZCfoCbCbKL6MkfN
key= 1059;rW6VsW5fuK8zFUx
key= 1837;LdE46JxhvDi4CNR
key= 325;V2D9pUd4OW5QUbL
key= 2037;HkXWYliI50Kfxo9
key= 2293;5VFvMxsrT1EkMbv
key= 274;LVfJDdUvzIL5qnX
key= 1791;oUpADdDsvEPfImN
key= 656;8Pz3jAHDUGI8xrG
key= 1387;0sBRNkY3T9xTjOs
key= 1177;5xNApZe5C1CV3F1
key= 736;ZPg5Mfip1cjnhiO
key= 1505;vt68ST5kjbYDLAV
key= 2075;KYB9j0U69nYP1FJ
key= 2377;lGGIjrOg6HtdeAp
key= 1587;DsjXiIeJ3bWOCV3
key= 1494;qAUWTJU68IL3eXN
key= 2162;AirOOlUljIL7ckq
key= 1282;CfG8os7qyY48lsI
key= 979;HeRCOglvE9DWuLg
key= 791;YVojJqei0WSLr3G
key= 237;18KYoP40iid3M4u
key= 397;PeA8X6iuuguCgVL
key= 1418;qSVs7TlXCOVI4AP
key= 1137;ANNjHvYgN3XPHxK
key= 206;NATi0iryNYFbrWP
key= 857;3Jhq2muVm0TfafS
key= 1620;5fZb6Vk0aiDr8Ec
key= 1791;t4VG57dF70EejS0
key= 1402;SUQ70lqKc60ZOxX
key= 1052;kcFolZYRRZaIDRV
key= 1379;BjNLHOdAQzdXACP
key= 628;5sLQmB44f8jXv6j
key= 211;jYCRHqdSUl62PGs
key= 1793;tm9b0SVatH25Qre
key= 1755;u5xItvVVh8GR8TQ
key= 1659;deofEKSDn61t030
key= 894;v2F4Q9eLXHYi9LH
key= 130;qzP2gKd7EyXQLKp
key= 2090;rjpDtSs9GhT8FvP
key= 1168;qfmKF9RQu8JUKzd
key= 1945;sfD8QzGsWK13nvs
key= 2022;sbadHbH4Qax7QKE
key= 1533;FzuQmKyjYj7DKmH
key= 2413;YLBaXh5hUx6KoUj
key= 815;aFvQcvdM5qkP40D
key= 1748;r8W8uHf7k1D6gjb
key= 38;6EOgsG8EoRVby2z
key= 315;Fa0CDxKH8e68bNu
key= 2361;Mathz9534RNrFe3
key= 2002;uxd5itXxO9FbWvR
key= 1020;XuRfHMyeGtize2E
key= 2139;JYqYKgeIB4ivuXB
key= 1503;U0AS4Cl4pM1j7D0
key= 754;tIAt90yNTdkhrmL
key= 708;CqLqDBYF81JVojB
key= 770;rGCiUiLbaj9qBDP
key= 1411;i9fgy3PRxdhhNpL
key= 2206;CD98cHUz36NEIfm
key= 2076;fk1m5k1Qt4UVmmB
key= 2212;tlG76P2AQSCdJzd
key= 1791;4dCoODTA0TM8lWc
key= 1291;W17lOCEgjSgzkUd
key= 1026;YKaGpv8DH6eT94r
key= 485;S5povZBY4WhJEm2
key= 168;OxdukMFUxBD0EL0
key= 604;JAZiMcOETpUb7R4
key= 1481;5kpeDKGY3yII7lD
key= 1174;tEOyAKBZYtQOmA4
key= 267;6fOSUNu0P7Ek4Ff
key= 1226;nSmsfEF1sJ69f98
key= 2207;qOaS6Lcj0xcSFFb
key= 955;Cu99kmHLYAseQNd
key= 1670;njA7J4E6hDHWGhG
key= 1911;1NcA8BFthT3a1U6
key= 1176;fXkJoKIc06PE1do
key= 2237;DZ7WYCl3O6IPKDY
key= 2410;G0DT4i7vPTJ2ZNa
key= 1995;WXrdYi2xyODRx5Q
key= 1696;PUl732kYkKmiDPs
key= 1704;YeBHXatVQMMrI8E
key= 85;b3QKXWACmvKShCm
key= 2155;CUtqpjz16Zk9654
key= 1221;Ob08tvDyzOVWilr
key= 1057;SfHooOhNMEQ5nZC
key= 1259;M1aqym0pqB31tPn
key= 1513;Lf0kIj74Rpeexvj
key= 959;CI8l5bTc1eKyD5P
key= 1527;dlakZG1t8C8d2ec
key= 1098;ZOTBmIrjlbQPD6l
key= 1349;XNtlQGvXpn7U1yq
key= 649;oUr2g1jdVu1dMXF
key= 1663;U0vfGn2UHfZPg7p
key= 1107;TtcEh1PkZtMilS0
key= 2145;mQyHGrVtfN56kHK
key= 869;Vh5jsDGeJHaB9pe
key= 2335;9u8RKpOqgkr6XQU
key= 1247;9ABbzneHgsRCmDt
key= 828;g8obeCOgcRz2QEQ
key= 1067;bMPJnU52R71ZLGY
key= 2186;gaMvsthRnv44O6G
key= 1533;vjYtti3sspsznSN
key= 1949;CHJxmE80Iikdyfz
key= 1012;OrHYgaPdNhMrtdI
key= 1964;EtuePZjpSx2J3X5
key= 287;0LEcPKJ6zVgDIkA
key= 1287;pQ5fgbtvfIEbsBQ
key= 606;K29D9egq3dMuYj6
key= 482;XMiZthughhWGdZD
key= 1436;FIqyFZXUnpT9qVP
key= 1339;CWQNKZOGrDsGlBs
key= 1363;vN2d3A0KZS7LThj
key= 844;I3yhdIGzySeFYoX
key= 735;IaQ3qNGlAA7mLrW
key= 2265;gYCcdNkQu2oknQW
key= 1635;ZcxRQYBapUB1RU0
key= 591;UQBaJyBf3RPbsmB
key= 2411;Ugpob3Dn24AWYDn
key= 673;9eL3CnQHosG7upC
key= 2384;nLiA7FcEds79fWG
key= 497;sU17TKzGUlkj4oJ
key= 465;86ecPm7isCA38i3
key= 557;veV67lJ99MTxvcY
key= 102;DEprUbAlvgmVOeW
key= 1164;150rGZiJI84mPOc
key= 820;BB92PxpG887ZgMC
key= 2320;8C9fkuTREr7XZG7
key= 2095;VGTp1eGVXmX9ppg
key= 1243;U01oSE66LFuD3oI
key= 1;n7HuzjDshBhS2ML
key= 598;j4rkB4SrY9eqW9L
key= 2050;1zAS0WvWEeKLtmU
key= 25;JQLfGqDjPPfmZbm
key= 167;G6K69egFDc33HUJ
key= 1626;bGJjZIj7Ft7cImK
key= 665;QlYmH0n9UFK9Bvz
key= 1554;hvYDnKnjWWcAOLK
key= 1483;YGCSphecMejvD8m
key= 2168;oTs6QImQQVD7ZyM
key= 1320;eFEbpBPifm6uRKr
key= 2341;1Ie2a6WBMSbyTJy
key= 949;GiRmiTMzt5OuIvd
key= 1450;BlQiYZtpaNPl5PU
key= 1032;g1nFD9jUM4tmQVc
key= 4257;F3WfEA0zame5HX3
key= 2433;JThha9POOhmMcRl
key= 5814;n9GRq4ymnNf9SbK
key= 5091;MGuOneVjJY7LS8c
key= 3034;CAtguU406GfxXum
key= 2951;GREfQjqjjlGNCPS
key= 6854;X8xGmFfML8RVGoM
key= 517;ukc6ZtsT5qBSeGF
key= 1559;Q5mc4vBsFQolcgt
key= 2456;TSRGRFABEkqXvOM
key= 5775;tZDKTzpEnGuaUor
key= 8;dDLHeTQXSBhmZ3G
key= 963;JcQ3d8SezJV8sxQ
key= 827;hdxyGLXyr0mP5FV
